,Unnamed: 0,Body_prefix,Body_suffix_inferred
0,156759,you can proceed with the assignment .,
1,156800,would you please work with oasis to get these papered as they are the transporter .,
2,156808,pls . advise if you have other handouts for the bod mtg .,
3,156817,we are expecting additional members of congress to attend both events .,
4,156841,i do n't want you bringing any of these guys home to meet your parents ! ! ! !,
5,156842,ash : i do n't think wally will end up quite as hairy as photo # 2 ! ! ! ! ! ! !,
6,156858,today 's 4:00pm meeting to discuss project crane will be held in conference room 5c2 .,
7,156860,"if you have any questions or need additional information , please contact patrick wade ( x39396 ) or myself ( x58297 ) .",
8,156878,"i apologize for the short notice , but look forward to working with you all on this transaction .",
9,156923,"for more info about this new dvd release , click here : m a s h - tv season 1 ( dvd ) - save", as.
10,156926,"for more details about this new dvd release , click here :",
11,156933,"for more info about this new vhs release , click here : thorn birds 4pk ( v01 - 04 )",
12,156940,"for more info about this new video release , click here : < < < music >",
13,156944,"for more details about this music release , click here :",
14,156949,"for more details about this cd , click here : < < < books >",
15,156957,"for more details about this book , click here : < < < games", >
16,156963,"for more info about this game , click here : < < < electronics >",
17,156973,"for more info about this item , click here : as always , we thank you for choosing buy.com .",
18,156982,please let us know your thoughts / comments .,
19,157013,and here 's what we 've been able to dig up for you,.
20,157020,good luck this week in your playoffs ! ?,
21,157024,qb cade mcnown ( chi ) could probably play this week if needed .,
22,157034,qb brian griese ( den ) will miss another game and may not be ready to play= = 20 the last game of the regular season as earlier reported .,
23,157148,that would be great .,
24,157154,( swepco in texas ) and see if it will help in ohio .,
25,157166,"in addition , he states that the im= balance provisions should be changed and that network firm capacity should = be available to reps ( without the need for protracted system impact studies= , since the load is already being served . )",
26,157172,"thanks , jim < < file : puct on order 13.doc", >
27,157176,"the form we have has this as the first paragraph , which is different from t= he=20 form attached .",
28,157192,"jeff , thanks for your work on bob 's draft , however , for form management purposes we are going to continue with our previous style which is to include the crossborder annexes .",
29,157195,it is for this reason that i think we should continue the more amplified approach rather than targeting it toward just canada / us .,
